<?xml version="1.0"?>
<documents>
<document_header>
	<Document_Name>PASSPORT</Document_Name>
	<Document_Description>XXX 11001</Document_Description>
</document_header>
<document_header>	
	<Document_Name>PASSPORT</Document_Name>
	<Document_Description>XXX 01021</Document_Description>
</document_header>
<document_header>	
	<Document_Name>PASSPORT</Document_Name>
	<Document_Description>XXX 01002</Document_Description>
</document_header>
<document_header>
	<Document_Name>DRIVE LICENSE</Document_Name>
	<Document_Description>XXX 01008</Document_Description>
</document_header>
<document_header>	
	<Document_Name>DRIVE LICENSE</Document_Name>
	<Document_Description></Document_Description>
</document_header>
<document_header>	
	<Document_Name>IDENTITY CARD</Document_Name>
	<Document_Description>XXX 01005</Document_Description>
</document_header>
</documents>